xFrame,yFrame,pX,pY,vX,vY,vS,wall,isTorus,time,particle
14.3508413520922,-226.48490992464028,-0.6491586478714423,0.41374586703230476,-1.9427542395703359,21.19291347659433,0.497028395,-1,True,59000.03122604509
491.58740373194973,-423.2702869699276,-0.41259626816822326,-0.6498899230533184,14.18481841866132,25.3961928249778,0.625236892,-1,True,59000.000115522846
80.543962480249,-141.40798691364793,-0.4560375198241371,0.6201793072210988,-4.029207769840726,-16.308862308317966,-0.255744535,-1,True,59000.00778672173
-889.5653406130847,-453.8963146946481,-0.06534061315508904,0.7670222922869386,9.382032469391843,28.634909072480067,-0.121849644,-1,True,59000.02461556295
-360.5122096280018,-504.9139581026794,-0.5122096280988581,0.8448777075754709,18.15990055888182,-26.087164503650268,0.411392716,2,True,59000.032711096275
654.7598424200573,-595.9488961564966,0.7598424197627406,-0.1234183524509033,-7.723659148282779,33.63607252176361,-0.566861256,-1,True,59000.00404378465
107.26126503616565,-323.67702181320084,-0.7387349643126191,0.21647920245286087,-0.47765720660082955,25.432576128388558,0.233932834,-1,True,59000.00396346716
145.98625752576274,-1467.0470340106376,0.4862575257587062,-0.8660254037844763,42.14887448002081,34.032379697855156,0.340598143,4,True,59000.00067371017
318.73614147110584,-638.3561832641459,-0.7638585288906521,-0.09546067480173073,-32.21146637562042,15.462948278220546,-0.607928755,-1,True,59000.02918727287
887.619780423395,-402.7018127599023,-0.380219576447975,-0.8660254037844471,15.501841610398765,23.751135906413026,-0.687592982,4,True,59000.02192552482
782.2570066106049,-322.6065987157293,-0.7429933893021101,-0.4451485076097527,25.3760351570403,1.2490819207159927,0.283573155,3,True,59000.00377372686
219.79816595328572,-156.23415950512833,-0.7018340467655168,0.5164385800894521,16.702421268914154,-5.849645310051559,-0.17840823,2,True,59000.00443388031
1127.4002826924934,-1055.5122517711611,-0.5997173072456986,-0.6933099612406959,14.406922361914171,43.63369003570378,0.580869081,3,True,59000.00327369879
1329.495729619374,-286.377318506105,0.49572961963667106,-0.5889352568894767,-14.904394049530822,-18.698479369852876,0.688383922,-1,True,59000.00102950671
287.06006540802593,-424.248411516393,-0.9399345920904189,0.10403633827681033,4.333811461399737,-28.80413771623551,0.701042811,2,True,59000.00655967443
-455.4324520761807,-1422.5337918026466,0.5675479240681979,-0.5200787887219314,-52.16090221191171,11.126790033938983,-0.090051772,-1,True,59000.00095454604
-537.8083817453842,-1136.7533362603037,0.6916182545222876,0.3380189086488137,43.50547242492766,19.52122091897428,-0.646495541,-1,True,59000.0259048866
177.5368715528184,-586.3630617646245,0.5368715526045094,0.802162001319251,-16.202699325330475,-30.162870621757246,0.426656999,0,True,59000.00142460481
95.14093421068877,-245.707109461408,0.6409342107985891,-0.6219201901566039,-3.849223599607397,21.821966813080156,0.160107319,5,True,59000.01434352123
719.3428520400912,-2385.6277991771212,0.842852041523651,0.27218824838773187,-67.48087398051224,-14.729391946215166,-0.323797793,0,True,59000.00002764012
215.0144140301545,-32.933931176543155,0.5144140301746569,0.8410595711801138,-5.820649498055733,-5.680014419032657,0.33322889,0,True,59000.00744053728
285.46303229056844,-848.0899211656555,0.46303229084825004,0.614974544371077,-37.432427243463074,-17.154621691683808,-0.485772032,-1,True,59000.000839935776
788.4882740319563,-683.3143535583049,-0.5117259679344671,0.8457154315540685,21.32708408755587,-30.186943782473325,0.047716036,2,True,59000.01897258099
-774.9094866945933,-514.79126646034,0.5905133052586947,0.4938487915395198,-25.843573583555937,-19.01633391275405,0.101005332,-1,True,59000.00063206721
146.61523252532209,-151.35516352477794,-0.3847674747187782,-0.6667432661760647,-6.195309221456851,16.25376530205071,-0.396438752,-1,True,59000.01186930926
-123.76921252084547,-1183.3904372093634,-0.7692125210476141,-0.39973563929580685,46.626810691247286,-13.848665432936379,0.688366084,3,True,59000.00118265193
396.9399172421197,-76.1061691435829,0.9399172420310907,0.1040663894609783,-10.817681941413767,-5.8793532211653385,0.645207371,0,True,59000.006521827265
1610.6203583388433,-1225.2295960976749,-0.3796416609086495,-0.669675146541302,40.76529937178352,28.082678247500304,-0.638568776,-1,True,59000.00076865345
-524.2832372263548,-37.82432652920903,0.7167627735681561,0.28079123743357254,2.8752613288330067,8.200903302616453,0.354094537,-1,True,59000.10714288879
-407.5942540496745,-18.398370213064435,0.40574595035783473,0.6541886703091169,-2.5636962807648542,5.554500761911137,-0.301081238,-1,True,59000.07829513507
383.4211942455723,-1937.4353238363135,-0.5788057544075463,0.7295298332217467,40.48256241253108,47.277660286857724,-0.563683832,2,True,59000.01198055019
317.2349165297688,-141.94307875941155,-0.765083470298461,0.08508746128928968,-15.915050324429334,-5.549456268663008,0.423766801,-1,True,59000.02916079099
459.8190556757579,-133.87490079230992,-0.680944324275315,0.35903679453480347,-5.262294702466592,-15.51326667394134,0.192967339,-1,True,59000.02489632823
51.783782385109276,-189.94174230929548,-0.7162176150565936,-0.2821788802785167,18.879111585799205,-4.7869631311055585,0.115921967,-1,True,59000.00381967352
-103.96091544100415,-103.6735857389034,-0.46091544099488657,-0.6165626884957291,8.77595300560187,-11.383434167583578,0.592510854,-1,True,59000.002112460505
-416.4625042251247,-401.0347065393904,-0.9625042251713807,-0.06494458707233322,28.17692882840159,-2.7390284721695886,0.318377518,3,True,59000.01261719065
73.74419260549632,-505.62285325714936,0.24419260566375328,-0.7300428507503782,-3.8635621574963555,31.558673119496454,0.068147122,-1,True,59000.00277793247
-162.74909127749257,-1606.9085627691256,0.7509087224378616,-0.4314387484590493,-56.687685304699045,0.15715833802089918,0.566086157,5,True,59000.00013499734
-882.4317821653123,-447.5064126401888,-0.4317821654354961,-0.637304286981052,-26.035465829924245,-14.724786443725394,0.207610376,-1,True,59000.02208254153
315.64450483762187,-1.3110922503689135,0.644504837501641,0.42095855737777266,0.1998225115120844,-1.7985093892705515,0.126939745,-1,True,59000.00133640371
1139.2251584347182,-455.91934823973475,-0.7748415650635813,-0.38998584906257516,-9.605901462194474,28.619144399626787,0.659467622,3,True,59000.00349534334
-275.49947011315226,-160.21561749103478,0.5005298866951441,0.8651076131061318,-17.91184305342223,0.3384156533851925,-0.580590514,0,True,59000.00926042159
-652.6738221171917,-119.51150572238635,-0.17382211729448233,0.8660254037844457,8.378078664308912,-12.967573536145183,0.484331749,1,True,59000.00718213296
-489.76163296072593,-323.24520642688697,0.7383670392923575,-0.2177308151806507,25.39605569137085,-1.036620042443147,0.101716915,-1,True,59000.034060556165
746.123487039234,-167.5944076418638,0.6234870393657462,-0.45150471131044495,17.704639291454246,4.6863049877863086,-0.46806575,-1,True,59000.05000607341
-1397.3416011537354,-422.2215191808006,0.6583988459263077,0.3988778663645032,-12.116490170917796,-26.4079770521333,0.131651842,-1,True,59000.00356857563
307.0165655718273,-124.97461448252275,-0.4834344282081753,0.5990690663150849,-15.786773997676839,0.7794387977974829,0.475397661,-1,True,59000.024084417666
988.5149275525366,-1058.3794132172604,0.014927552185174952,0.7696556118020261,9.610039156956732,-44.99840008524456,0.315460408,-1,True,59000.00120989943
-737.4696282749695,-21.70324046544595,-0.9696282750596558,-0.05260537071018963,5.648134970820697,3.3813301580913047,0.242627176,3,True,59000.02725604575
-944.1773346848175,-876.7248613143303,0.8226653150493929,-0.3071526842786666,-26.59365034239018,-32.33457263232621,0.420512526,5,True,59000.00668319449
135.90528417427092,-74.85543034335998,-0.5947158257221671,0.48877978602658406,9.666659769022633,-7.508206776868665,-0.321858025,-1,True,59000.00382078863
-82.74597408057505,-38.10511776663998,-0.2459740806066092,0.8660254037844377,6.581962099296287,-5.710133574721288,0.252920009,1,True,59000.06852957194
-93.9132572029307,-446.5014056182293,0.5867427971933622,-0.49832266909533757,9.27589320387948,28.39216907073619,-0.678614105,-1,True,59000.00379793172
629.8213800762845,-42.43524478554453,-0.17861992382200476,-0.8660254037844362,7.173745334433174,5.852867403474205,-0.248555746,4,True,59000.05071861651
769.6311644927412,-588.7897928192011,0.13116449269880479,-0.7585436496653687,30.257876794818387,16.17325028531062,0.643423299,-1,True,59000.005390869665
225.9668070906852,-81.348896150195,0.9668070904539317,0.05749180578479325,-12.667019171207677,-1.6717461575168748,-0.206447268,0,True,59000.02123086681
-356.2867950516449,-2012.9327473801072,0.7132049476682109,-0.28970898366149456,37.72164524484508,-51.016183687800016,-0.152699199,-1,True,59000.01576046545
-75.20318917255221,-863.4273275734537,-0.2031891732819442,0.8660254037844375,-38.86105677562683,-14.733964460380932,-0.410666919,1,True,59000.00445108268
403.1153845654279,-1515.5444566228819,-0.3846154337045807,-0.866025403784315,25.687632518683994,48.688035427586414,0.415538039,4,True,59000.006151948364
-627.8745754479252,-751.9272921825485,0.6254245523205044,0.6487837066488109,-4.168000400062342,-38.55125742669496,-0.344603314,0,True,59000.003893717185
-36.18017390133722,-693.6863484318426,-0.18017390175185588,-0.8660254037844651,28.825457943222528,23.575544908115166,0.362613887,4,True,59000.00516001644
-295.93143137731784,-128.400243354313,-0.43143137740341836,0.6375418097539812,14.043696782273464,-7.712976871589065,-0.611713384,-1,True,59000.00121666991
116.2571061000325,-666.1127581597598,0.7571060999011069,-0.1392226493251993,13.72190773730486,33.81737178400816,-0.247684763,-1,True,59000.00583020959
-324.7759556793264,-200.31331122085948,0.724044320712079,-0.2614429464284251,-18.295885978036367,-8.097157600339909,-0.653214631,-1,True,59000.00445627759
-184.7076784945715,-426.2092668665187,-0.2076784945922262,0.7412571992746507,-22.809045039570538,18.199644335122866,-0.632023045,-1,True,59000.03703744621
218.39477583542816,-117.30374880474301,-0.6052241646780478,0.47570610999056123,-3.7323473719241536,-14.856536492401144,-0.701965608,-1,True,59000.003529685266
356.4756217225703,-210.48639753510628,0.9756217225256928,-0.04222441518652132,-15.294364526025182,-13.648419465082755,0.694077303,5,True,59000.00244675251
113.03277109600887,-1383.8518340444984,0.5327710960815734,-0.8092642003508768,-18.427673880485116,49.26973354037847,-0.588345669,5,True,59000.00485965219
207.7682473347032,-34.68988971544561,0.7682473347376959,-0.048873564030251504,8.303323714067263,0.10309491635378212,-0.248126627,-1,True,59000.077081166426
465.5275517627959,-463.0181739782916,0.5275517627177804,-0.5606083572744487,3.067929520316609,-30.276580095397644,-0.090805354,-1,True,59000.01590851248
519.0178990472583,-1183.856726973759,0.017899047639110294,0.8660254037843201,18.293943806468118,-45.09678219823183,-0.293809161,1,True,59000.00200346788
-1032.0501568030782,-186.0976010327312,-0.05015680331068534,-0.7681646227692641,-2.94002490109221,-19.043241529144073,-0.606576147,-1,True,59000.00335435156
333.6876546749307,-425.73848762104234,0.6876546750431881,0.34601104098545726,14.112574140048281,25.54357177352143,0.553963253,-1,True,59000.03333618197
323.26685457346457,-376.6537702230058,0.7668545737174979,0.06728042331285436,10.480959602719814,25.37066231243641,0.405675974,-1,True,59000.00324261717
-275.32309964623886,-424.9120728579385,0.6769003536458622,-0.5596250033928822,7.083528802892625,28.294013043759914,0.218163099,5,True,59000.00071987161
11.083907818693469,-1629.4954260761328,0.5839078187991958,-0.5016415570282807,-41.674986047015636,39.01238760239789,0.69814727,-1,True,59000.0017667602
958.4344455296994,-270.29894734048287,-0.0655544702375698,0.7670040443338378,-23.165114702389857,2.065374178360075,0.078992186,-1,True,59000.000739765645
-52.738163028070765,-45.033320996919265,-0.23816302805813605,-0.866025403784438,-7.191772945134673,6.136507574868994,-0.695073396,4,True,59000.00779208103
96.32430635806023,-747.2120513254068,0.32430635797168694,-0.6981532630961,4.613224314199773,38.37265352347646,0.588093802,-1,True,59000.002530015234
-898.5437053557404,-670.3036625293663,-0.0437053558042296,-0.8660254037844777,26.299269742537753,25.484359349997796,-0.224314281,4,True,59000.00088961813
871.0060161141952,-1252.2727338725742,-0.4939838856450292,-0.8660254037844605,23.710630996655098,44.06624072146705,0.088701159,4,True,59000.01800834123
-300.13287380766405,-18.18653347951783,-0.1328738077656193,-0.866025403784439,-4.832776144987717,3.6700098434271835,0.542793018,4,True,59000.016547277715
1197.684285417415,-523.4319712529248,0.6842854174880557,-0.35262736706868075,31.66661148195371,-6.602417646115494,0.658568017,-1,True,59000.023315181184
-155.53477912747346,-35.7597463805176,0.46522087267991225,0.613320578666274,-5.085282681601845,-6.8168981300553755,-0.259226479,-1,True,59000.0087039904
-476.10028915491216,-675.1157081335461,-0.6002891550155048,-0.481918585409772,-34.43641010519616,12.78132372464728,-0.698799795,-1,True,59000.01878069962
843.9612605100464,-39.77006980924145,-0.5387394900171523,-0.7989266388154185,8.183499232516267,-3.4685868602007766,-0.130889456,3,True,59000.00568654351
-350.062486499867,-161.1889548966246,-0.5624864999043444,0.7577956111630595,14.177111109210806,-11.020458920706991,0.05476409,2,True,59000.002085854925
334.17945939573286,-256.1773843319827,-0.3205406041820268,-0.6998902154361164,20.271892035831844,10.06990563721288,-0.147443222,-1,True,59000.00856493715
224.13444612119912,-680.4630998619807,-0.8655538787543007,0.23286751287808757,4.707384433563966,-36.58529293278889,-0.520035477,2,True,59000.00031697512
213.82464992714526,-247.3795502469624,0.8246499270200859,0.30371523551212065,3.0535270762216857,-22.015028116701,-0.624377162,0,True,59000.009884361054
307.12011176490904,-391.44348251078986,-0.37988823502381736,0.8660254037844349,19.2875873993678,-20.270578278882198,-0.100116806,1,True,59000.001341432486
640.3124416875563,-1413.3534589764647,-0.18755831193539238,-0.8660254037844028,35.57092259127286,39.52236833517408,0.034961923,4,True,59000.00320022484
-951.710754588208,-674.0634337370224,-0.7107545881535497,-0.29566959263892917,-22.937816071450055,-28.668999714213374,0.095975239,-1,True,59000.009420884664
180.08763120477647,-359.400542570763,0.08763120470045088,0.866025403784504,-12.83581700859521,-23.52024022489948,-0.553916954,1,True,59000.002404848754
-141.74888315294726,-215.47175486100238,0.7511168470513717,0.16857068152024046,-11.02432929291979,-17.5726802423091,-0.445630625,-1,True,59000.00082443447
426.64170361798824,-610.3024718020687,0.641703618020132,-0.6205875377572042,4.435477941622747,34.644431473408176,-0.503460991,5,True,59000.00731634019
-410.75139436786236,-825.1847362763905,0.248605631930988,-0.728551873489312,-31.206337535824936,26.012955240886964,0.284218631,-1,True,59000.00076188922
44.47573993584729,-941.6719514807423,-0.5242600642408337,0.563687837047059,-30.158611060516748,31.195658850557862,-0.314336382,-1,True,59000.02087506922
-597.8012432444286,-1163.3951212903291,0.6987567555564272,-0.32300400795787004,-42.57983291680957,-22.645514353683257,0.659043006,-1,True,59000.00015013393
339.7483399535933,-48.316923563737866,0.7483399535715382,0.18049904842170372,0.08374640746289397,-9.808950700289879,-0.047588725,-1,True,59000.02627124834
28.315096590202803,-27.712812921221303,-0.1849034098038353,-0.8660254037844395,-5.895822811050128,4.56728710135471,-0.264375119,4,True,59000.00998823713
-698.3621398173963,-416.7970000610235,0.6378601824868382,0.6272445633765904,-24.220554145191763,-15.710268161707537,-0.61274447,0,True,59000.003900669515
-508.4168646695517,-441.67295592980514,0.08313533069200946,-0.8660254037844494,17.372087955349976,24.117567486624285,0.55853773,4,True,59000.00108501078
812.0319296044244,-159.40397799358172,0.5319296044144302,0.8107217066730031,-8.921207616976751,-15.455195443792832,0.610558356,0,True,59000.05257430281
-1291.8255837036077,-363.8991365047453,-0.3255837030658031,0.6975584885087066,26.668196189135397,-4.055518784660618,-0.568172036,-1,True,59000.00618919281
341.50241327385316,-917.120902608375,-0.4975867259769971,-0.8660254037845677,7.742239211414148,42.12436345402319,-0.072815114,4,True,59000.004971227994
-873.9036730080403,-862.7281454143679,-0.9036730076571206,-0.16684324487795432,39.59609885522466,-12.539421682602969,0.361173318,3,True,59000.00719312795
-241.26164012970006,-216.3722935505117,0.23835987030669475,-0.7319680080577075,12.552289646110355,16.577436363031325,0.049825698,-1,True,59000.005485907626
-81.28732331570204,-147.9384880244488,-0.28732331584862736,-0.7141693810030937,15.735657668502926,6.961620867673406,-0.689446891,-1,True,59000.00638611751
641.6295269651936,-1696.543766014148,-0.37047303428489675,-0.8660254037844071,30.71054673639172,49.492234021012784,-0.106416017,4,True,59000.00700205168
-330.2540748726147,-904.8571841632285,-0.2540748724646751,-0.7266626120660462,21.42345485892599,-36.748731389183384,0.034875718,-1,True,59000.019537594744
-114.69561067419798,-803.3418500046536,-0.6956106740105874,0.32972470758972344,-25.78942591066159,-30.676155499415312,0.616123966,-1,True,59000.00009150357
429.81842812342194,-997.1530838140358,-0.6815718764764088,-0.3578440579205151,-34.47479057412186,-28.377995610832368,-0.404331413,-1,True,59000.00517876408
500.22324932685467,-5.582831599474474,-0.7767506732538858,-0.3866791766798148,-0.5147410401527224,3.3963117397577864,0.101019818,3,True,59000.143584246245
513.008036384865,-267.6018497694688,0.008036384840342685,-0.8660254037843768,9.793277983888574,20.963029884670924,0.255323819,4,True,59000.00326876138
636.9864209816982,-452.0887803254666,0.9864209817616391,-0.02351954950547078,-30.073023375957035,0.2842660149182117,-0.11846269,5,True,59000.017362184524
129.7783079730809,-60.023620759478284,-0.7216920269124074,-0.2678678981954604,-8.559634339978786,6.875726176702054,0.194597093,-1,True,59000.02346397274
122.87648868824787,-880.6416375602327,-0.12351131172730187,-0.7598273148999011,-9.38022915851541,40.90600579761006,0.573933191,-1,True,59000.001271596135
-630.072336129483,-115.28100990251336,-0.07233612945713419,0.7663942046804336,7.886336026226555,12.995842058334487,0.631464954,-1,True,59000.07368161815
174.28423147262487,-90.78204751679455,0.2842314726665569,-0.7154055231394243,-6.853414769169082,-11.57049214950825,-0.442174468,-1,True,59000.03795321098
-662.3379143364625,-351.21358608326625,0.6620856634852348,0.39272785335383426,26.306868935907282,-3.100001004579878,-0.525282318,-1,True,59000.030757745175
245.47460762754753,-598.3795731359045,-0.5253923724068011,-0.8220445246511481,33.024069762396024,-10.276908763775628,0.191839737,3,True,59000.004299970715
-1110.7633990565043,-140.93850798765402,0.7366009436350629,0.22363282949631372,-10.416869494392436,-13.156101165932405,-0.289007871,-1,True,59000.00418297399
-213.3985916608899,-115.18137870342359,-0.3985916608700094,0.8660254037844296,8.61318198427314,-12.475175233768287,0.698928928,1,True,59000.057064042885
-309.8563786784103,-199.62956010834904,0.6436213215439982,0.4223081659718999,18.29465623319997,-8.075556556552991,-0.254964664,-1,True,59000.027931981596
126.21908363985412,-310.9031199588499,0.21908363980696027,-0.8660254037845008,0.48863800834122983,24.922125583893475,-0.555369849,4,True,59000.00263680354
-528.7447630871786,-167.81419637333147,-0.7447630871535952,0.19473196092588077,9.764623560962644,-15.492147598872139,0.53062676,-1,True,59000.005053075445
1005.7439450722285,-1081.8105517703495,-0.7560549268792024,-0.14482244347571432,24.918720964397142,-39.2827250346219,0.17457666,-1,True,59000.0053708891
-452.14645126764464,-93.08268154205228,-0.6464512676841119,-0.4179633370311289,-9.18278898284694,-10.090676301718473,0.634414721,-1,True,59000.026655654074
-168.5365671102027,-359.4638786633098,-0.5365671101785876,0.8026893110692652,16.478202684763886,-21.133144604815367,-0.671724782,2,True,59000.00406868793
-533.0003051005114,-481.5106529539281,0.9996948993694188,-0.0005284497937115392,-30.05693936577006,7.707623227977182,-0.243861825,5,True,59000.003936106914
815.8847376274355,-671.0647848440371,-0.11526237310849119,-0.7611223147024342,8.149946847840827,35.70739706250597,0.490429594,-1,True,59000.002168470375
480.77590082457425,-1785.1396481808288,-0.7240991757823281,-0.2612909799896381,30.74856060593654,51.239003930433675,-0.517954771,-1,True,59000.00203402499
45.66678965008538,-535.780836794617,-0.833210349994388,0.28888814798628065,14.167657518738881,-29.50602461152043,-0.362387378,2,True,59000.002782517775
-667.7848977763517,-405.2998889712363,-0.2848977763401604,-0.8660254037844777,-18.44672019006209,21.68961987652687,-0.176128039,4,True,59000.00270500511
-95.68836675704969,-1034.7382336140188,0.3116332429911668,-0.7039014948523379,27.966770028585984,-35.879906507767934,-0.370883773,-1,True,59000.02403363445
-194.26794954564707,-1097.2008378552496,-0.7679495455604253,0.053348740061306,-15.774173930448772,-44.09788618152936,0.650863888,-1,True,59000.000839540335
-206.29144893635402,-224.66180061833273,-0.7914489364685047,-0.3612210380090165,9.956724935233586,18.710293550894562,0.175072855,3,True,59000.001850137145
638.8194560400548,-322.909779327414,-0.18054395993938996,-0.7483291195202794,-21.23427882702937,13.985669387871077,0.326296168,-1,True,59000.006303879614
529.0126114192124,-164.81499562691565,-0.48738858081933567,0.5958564960454037,8.090927476432146,-16.23783725069713,0.499991758,-1,True,59000.00000273541
-415.9893118708914,-429.5486002776416,-0.48931187108887275,-0.8660254037844882,1.6600748392372537,29.24778021831664,-0.638974078,4,True,59000.00151140723
66.19394110939109,-969.0824268346263,0.19394110905699716,-0.8660254037843726,33.70140652602036,28.33673114895953,-0.256343837,4,True,59000.000886896036
83.0783715008092,-78.0780297618017,-0.9216284992929081,-0.1357434210901031,8.367310243475295,-9.252143284908094,-0.113591146,3,True,59000.009190462886
816.6699233401336,-1193.9547159616634,-0.8300766602682688,0.29431585780723535,41.327542708907224,26.060937513227145,-0.482620533,2,True,59000.00258556886
196.65106293288463,-86.60254037850756,0.15106293290923828,-0.8660254037844368,-9.145717193825458,9.434626572645913,-0.159551799,4,True,59000.016538582284
-694.9372367904672,-166.0444265712651,-0.43723679058469966,-0.6335744483103654,17.085043244226778,6.281972591968677,0.457057877,-1,True,59000.00048341265
-227.0140493617741,-310.0127603465119,0.9859506382034897,0.024334208445483625,-21.424563987562408,-12.654838008818619,-0.659015954,0,True,59000.00394496535
928.9831992121195,-420.88834623916404,0.4831992117185202,0.8660254037844655,-13.63213382138583,-25.596341501938934,-0.553674847,1,True,59000.00056774867
-228.03584422848678,-454.66333698672065,-0.03584422878435578,0.8660254037844353,26.820702422404086,-13.769004493849762,-0.36747663,1,True,59000.015378508135
-69.70369091089276,-99.03900449740605,-0.7036909109393243,-0.3121084658479744,9.464033268881028,10.39096720871446,0.230392102,-1,True,59000.00187243745
170.56976629337694,-39.1988179260874,-0.430233706851494,0.6383506482188414,-3.5965387761397163,-8.12523322861938,0.051969578,-1,True,59000.01758525061
14.20767117320692,-319.0570456157057,0.7076711730225209,0.5063283808420048,-18.898960372820444,16.74000384721241,-0.569163356,0,True,59000.022805361135
458.23777872247683,-100.56670265853445,-0.7622212775639238,-0.1077558194317702,13.65993026219327,3.729688505414478,0.536899387,-1,True,59000.002525552234
184.81217692548944,-472.6875056056645,0.3121769255246004,-0.7036605429911503,13.144950058571009,27.7835645512078,-0.354485019,-1,True,59000.00563092794
450.7398986624878,-435.7325916887835,-0.7601013373634418,-0.12181358516561,29.293428228370566,-3.703969098417844,0.287652984,-1,True,59000.00301753034
7.998023312370183,-412.22809220145234,0.49802331228390434,0.8660254037844364,-13.125748464876155,-25.52119118625837,-0.677091271,1,True,59000.01387751708
120.5343763717911,-189.6000218064399,0.5343763717968365,-0.8064837812524825,-6.096229822111364,18.515980813273483,-0.314617363,5,True,59000.013208181
296.9547298907347,-1334.5451472321445,-0.04527010941866527,-0.8660254037844303,50.86138815238019,9.094394866465912,0.630399831,4,True,59000.00317830951
36.094534666800136,-91.03471911761807,0.09453466671808558,0.7639736836966915,-12.972481286761928,-3.581792195983011,-0.659338997,-1,True,59000.007418078974
-7.488726280868816,-419.2526030329139,0.011273719106441843,0.7697178027368871,28.842068836527467,2.7125939692075396,-0.131481922,-1,True,59000.004305654
-3.7539230076771357,-548.383716336337,0.7460769922953048,-0.18963574072464098,31.432368684970925,10.39992139710897,-0.278187531,-1,True,59000.01333318282
150.42598930399544,-68.41600689903993,0.4259893039219883,-0.866025403784438,10.205583198714928,5.733321299030007,-0.541191581,4,True,59000.014005045865
616.5061087406548,-614.7817874047544,0.0061087407562598894,-0.7697761206214226,12.853595716696823,-32.6348311835542,-0.533596449,-1,True,59000.028319312674
446.489791994116,-146.37597402448398,0.9897919941208678,-0.017680784826561085,-17.008644631145614,1.9013242748436068,0.446729111,5,True,59000.015219235356
535.0441666394287,-250.9016710740466,-0.45583336052052137,-0.6203293802724167,4.8762486405992345,21.87426180499462,0.599897375,-1,True,59000.00380327168
665.0139076805483,-502.3188230044525,0.5139076805960794,0.8419365943764824,-31.609221058389682,-2.3485709731078943,0.309793865,0,True,59000.006336494334
234.61372966777952,-401.166747514658,0.6137296673505794,0.6690398416051193,-23.79424108848395,-15.352672436220928,-0.258751502,0,True,59000.00406483008
295.69856726230586,-53.57129934364999,0.1985672624011983,-0.7437497125344561,6.827581314639757,7.7505623740239225,-0.04316613,-1,True,59000.00446041807
-62.6483456501196,-747.3799234658334,0.3516543501730691,-0.8660254037844441,26.571572468302044,28.0726180205118,0.40082429,4,True,59000.00285734737
996.7438159838683,-744.5835283839762,0.743815983940196,0.19831887108308752,-19.99984523526046,-32.99468560898414,0.530225376,-1,True,59000.001158478735
-513.8096403377191,-403.0423948035915,0.6903596626649205,-0.34058204409183046,23.669879109437765,15.64676594588096,0.691254664,-1,True,59000.02024378928
578.260545586407,-261.0883937497639,-0.7394544135797169,0.4512781933678745,22.158498658223802,5.510574294675717,-0.648264413,2,True,59000.00235644605
547.0569258587171,-169.97749847115458,-0.4430741414533001,0.6295060744488599,2.4274534505568024,-18.280296341947107,0.526372251,-1,True,59000.01242052159
-447.86631548409474,-394.4786359771753,0.6336845157665458,-0.43707725526537156,9.085775588380146,26.573528279040925,0.596488225,-1,True,59000.00161942034
154.11132231335841,-62.35382907269625,-0.38867768671446956,0.8660254037844369,6.631937986318041,-8.954390937870922,-0.699864422,1,True,59000.0499955057
-285.60973673966646,-360.9425237693476,-0.6097367399411994,-0.6759557947492786,5.001835107437499,26.38554397715061,0.454612648,3,True,59000.017804366194
639.7686034063731,-644.2799889148157,0.7686034059681566,0.042911501101005715,35.86761395396528,-1.3607958588339815,0.617921493,-1,True,59000.00330412788
625.3038994972152,-79.79595863927479,-0.19610050273736634,0.7444039128179972,-5.453734057679581,11.363227167138858,0.450425617,-1,True,59000.06417233829
705.3976806173515,-32.24984265486812,0.3976806172950321,0.6591226890499482,-3.2572760145359014,-7.305548813695761,0.221879224,-1,True,59000.0156562709
-808.0815258091021,-1099.632358091252,0.4184741910531903,-0.6461206884282303,46.704266667761885,-4.321212362801047,0.312966953,-1,True,59000.01642666512
-798.2631562234341,-54.702202456800755,-0.2631562234858178,0.7234233854619817,-8.179948771255377,6.4907508310887865,-0.041485004,-1,True,59000.026656719245
-409.8154319632182,-968.2164014314667,-0.31543196287558506,-0.8660254037843774,-15.961487721596958,40.998680398967664,-0.67408768,4,True,59000.00216106593
-656.2333161061116,-667.9397659086738,-0.7333161064315162,-0.23417959057252,-19.573128309040154,-30.854707365263202,0.508180287,-1,True,59000.01885257456
228.83171974263635,-570.3286493649354,-0.668280257827915,0.3820917292876776,29.086812830325968,17.14996788560546,0.111574433,-1,True,59000.00047304974
1187.1440357238948,-462.20808842972116,0.6440357236907827,-0.6165482122470665,-23.920820976208464,18.755023130759103,0.558015345,5,True,59000.003154913895
-517.9022467292825,-848.9145750438526,-0.4022467290682521,0.6563460684322594,-37.20278499041828,17.709439528093167,0.3017148,-1,True,59000.015149784405
-459.7316748913198,-87.42093049993255,0.768325108572603,0.04763528240172932,11.148532984597647,-7.055511364540877,0.586858254,-1,True,59000.04138313388
726.9953640895851,-1254.012814313204,0.9953640896088557,-0.008029632336786286,-49.49250319460497,7.628010706362447,-0.022772076,5,True,59000.01470892765
17.39479939550061,-196.40555386753098,-0.6052006045054457,-0.6838126117939964,5.9363935261156175,18.88363696346789,0.668892411,3,True,59000.03487105441
769.7871099302678,-756.7544326965592,0.2871099304700946,-0.7142551927833973,-11.9490815925078,-37.02840477421294,0.267562829,-1,True,59000.011352350724
221.9766397465139,-227.6681016254462,-0.023360253473649693,-0.7694458337987407,-9.395574092776908,19.148424317835488,-0.666083485,-1,True,59000.00464563176
102.61197856388708,-313.03421134165484,0.6119785637165271,0.4669848286015833,17.171056211999048,18.22388232089832,-0.276433043,-1,True,59000.00637718204
-184.48383823279005,-304.7445474125821,0.016161767174260933,-0.7696306840780172,-7.646437464813409,-23.475655795127476,0.505026801,-1,True,59000.001675423504
30.05482986357772,-97.8608706278189,0.05482986360426988,0.8660254037844318,-0.33971661238189843,-13.963285935578861,0.460626535,1,True,59000.00230245385
-545.1985532476874,-143.41631271450166,-0.6985532481615777,-0.5221210899607478,13.06772681734905,-10.794827325712573,-0.15456585,3,True,59000.00892982205
-131.58136985113376,-61.26779791720229,0.4186301488774343,-0.6460196522114863,-9.989664813790014,4.817815560215186,0.29966911,-1,True,59000.00082800569
-404.1891896630975,-143.43253091989658,0.8108103370691855,0.32768610846299884,3.394108135160093,-16.596039665796045,0.194019298,0,True,59000.018821587604
385.27347064720885,-757.0365129828383,-0.2265293526493795,0.7357153287657167,11.718237166042616,37.11463540531377,-0.155073681,-1,True,59000.010266674224
488.2864801945549,-392.67933506832213,0.7864801935020935,-0.36982715327665727,5.64958919948187,27.437452308535548,-0.440003603,5,True,59000.00912447934
470.1229855984664,-74.69120203041358,0.6229855983197989,0.6530080988952819,-1.6538905924042213,-12.073304254242586,-0.633318078,0,True,59000.00043982237
