xFrame,yFrame,pX,pY,vX,vY,vS,wall,isTorus,time
-29.89800489437959,53.88091565429627,-0.449923269934991,0.8660254037844384,0.47159457159032214,-1.2764226449376723,-0.3322562869047594,1,True,79000.0
-7.428764325054233,-19.20452485831045,-0.6112813314708824,-0.6732804837429575,0.5989762940126785,1.684509389885755,0.33506257734979844,3,True,79000.0
-2.104469525532981,-2.143420496463883,-0.3550346672060307,-0.8660254037844386,0.5444587232459581,1.7084899733555243,0.6919017024295467,4,True,79000.0
1.1797139264009349,-1.6517673386291856,-0.666577122726776,-0.38505523246657064,0.6163847608850999,-0.37903557688447626,-0.6902984601064037,-1,False,79000.0
-1.5410730087503892,-2.2839273072924713,-0.15363983742106102,-0.7543125300230815,-0.9042627084686088,0.9346224551866192,-0.2177487576434612,-1,False,79000.0
-2.332746001095346,1.5727881694412922,-0.15421517502958584,-0.7541951155922362,-0.7184892900977937,0.874251918920895,-0.6766436244442268,-1,False,79000.0
-0.5682934841611059,-0.35166959356410954,-0.6666070199246508,-0.38500347216586056,0.9683701574202983,-0.053488065367210264,0.24373110282411398,-1,False,79000.0
16.099317576216908,-5.970108236861816,-0.6666123898434403,-0.3849941743712617,0.8056682191104265,0.08910396841152594,-0.5856169339722075,-1,False,79000.0
16.855318540071977,-23.886890762037265,0.36591064646407334,-0.8660254037844382,-0.8304527919648379,1.0085610665993716,-0.5051763888968969,4,True,79000.0
-0.7229612479064931,0.3993834885684673,-0.6666212884120831,-0.3849787662045878,0.9042040458195488,0.4266539929864467,-0.0184007413145251,-1,False,79000.0
1.0416774631545382,-1.8751256412667012,-0.6666254322737392,-0.38497159069006975,0.5811548829120677,0.4028928764230446,0.7070213254616065,-1,False,79000.0
4.260263261545608,-9.33614335528294,0.7640601743245629,0.4086597655988012,-0.6944358435077145,-0.7753122094753727,-0.24775139664548337,0,True,79000.0
-0.7779515389240234,-4.52049853012888,-0.7268960371236706,-0.4730299394502074,0.5459740958888888,0.8531399691716413,-0.3874583843295276,3,True,79000.0
-0.49642407195910415,1.4747325459357175,0.2371126206327711,-0.7323729908518282,-0.4375447748296658,1.2009577884579048,0.24698296123056324,-1,False,79000.0
-1.3414433759942241,5.578112746951407,0.005183284030014317,-0.769782908461377,-0.29850820524138444,1.2963078540187052,-0.006652594570733492,-1,False,79000.0
2.6623263427661343,18.318789493893743,-0.6666554849045134,-0.38491954619026614,0.1289786675680299,0.930040057801573,-0.3438440455419578,-1,False,79000.0
-0.16879700688351246,-26.42060522898866,-0.6617906416928666,-0.5857957921832225,-0.022301255994312874,1.0276916147324324,-0.5873191844617531,3,True,79000.0
-2.8796007920544873,6.058585940347315,-0.6666961947719174,-0.3848490307500303,-0.15261473709399254,0.7811088392899944,0.6052069280678865,-1,False,79000.0
0.24074713839680603,-7.469865404791203,-0.6667733311267328,-0.3847153720489382,-0.26552402038178535,0.7087813913234668,0.653112792016412,-1,False,79000.0
-2.6665714778641973,-0.04639124349689083,-0.45243282171414695,0.8660254037844384,0.45682841757388504,-1.2602091326277787,0.4064863928666969,1,True,79000.0
0.5806538879708242,11.514894553545325,0.8561295546251138,0.24919092109686622,0.21332406953273245,-1.1215819614833606,-0.6900800187679893,0,True,79000.0
-0.15641667806054702,-0.34813589664048383,-0.6607831671177704,-0.3949154322717731,-0.3877614748794262,0.9667299693731302,0.5008989831775059,-1,False,79000.0
-21.40031422142802,4.798938606405717,-0.9865165083849531,0.023354092540690853,0.5791307739335956,-0.36120769548318943,0.18281981351491583,2,True,79000.0
-2.3560386420675288,-7.190633431991124,-0.9434313881489194,-0.0979797098397145,0.537489279958781,-0.14034181004867768,0.6583035711975149,3,True,79000.0
-1.3956543693058037,-1.2670538194252716,-0.7355609443408122,-0.22703015163859844,0.673298746867633,-0.4708492189722761,0.5701094944234761,-1,False,79000.0
0.2840484158887987,-1.510129080312583,0.6000611037237862,0.6927144882734213,-0.7400828159203388,0.13076824186615568,0.5725326588145647,0,True,79000.0
5.85698994477635,-2.50737254749229,0.38605610251117417,0.6659979566834077,-0.9364220049484582,-0.13525040956720114,0.22554549752883704,-1,False,79000.0
-1.6574570690253385,-0.6595690346552006,0.2924577089484031,0.7120822151052819,0.8406657323560724,2.249294510703714,0.5329060447385658,-1,False,79000.0
1.0355642485803747,-1.3519156876004317,-0.5850749262755806,-0.718671309024957,0.8406125292248703,1.6484059691692614,-0.5399226648514539,3,True,79000.0
1.0634350645251234,-9.342245744719246,0.6511634879608756,0.6042025623868761,-0.8042823622494703,-0.31771309297254924,-0.5672994597346759,0,True,79000.0
20.34669960108295,-1.3246607304318223,-0.7355728374111219,-0.22699161538599497,0.9154461860619949,0.3676003010331406,0.16372614869567934,-1,False,79000.0
5.1844176819503005,-12.58149380631358,0.24817244673998592,-0.8660254037844385,-0.6250941502120376,1.1929379323067715,0.6813236547460245,4,True,79000.0
-0.5438418543109456,-10.187262386249733,-0.8198704420400678,-0.3119935463315253,0.5398969558047944,0.6225574518522208,-0.7006534884033622,3,True,79000.0
-4.841567064275862,-20.616582913834932,-0.6731264279933267,-0.5661616343670838,0.5930546650240064,3.1382921736511014,-0.3714571650125809,3,True,79000.0
-2.1236477035032326,-4.413277150956792,0.333967837636296,-0.6935835032763746,-0.49842890787479377,1.290370615360227,-0.14026413386458908,-1,False,79000.0
0.05399741861295071,8.57159781441973,-0.7355832837903397,-0.2269577608296598,0.3129746908948416,0.8259464486758369,-0.4687958513400384,-1,False,79000.0
0.8839053949478095,-3.2158180522764472,-0.7355881762563685,-0.22694190345641777,0.1752970449180204,0.8789477293922096,-0.4433963958269651,-1,False,79000.0
-0.5912023281269888,3.0747886869931524,-0.7355974301953511,-0.2269119064363702,0.03098121421806188,0.9832797301605761,0.17894041295915328,-1,False,79000.0
-2.302366971995055,18.973623393649902,-0.6503194297470006,0.6056645140978534,0.11690720829006726,-1.5976568629661818,0.48227851050678755,2,True,79000.0
0.48191689782787533,15.038541576446617,0.5269398306483283,0.8193642483542326,-0.21869509205658488,-0.37681135225824747,0.6704496209768955,0,True,79000.0
-9.337479129048782,18.205355207881873,0.7546816682184367,0.4249038146737069,0.053989669989857436,-1.1340306258807873,0.6914103901364362,0,True,79000.0
-0.6921592590722836,0.7822107954892684,-0.767637022475087,-0.05767143416090134,0.2325260184328908,-0.949627233624613,-0.2103048513618346,-1,False,79000.0
-0.6280515102984027,-0.5064833573858072,-0.8939362650525429,0.1837077777695148,0.38844665566413056,-0.5797592681978438,-0.17412158212763526,2,True,79000.0
2.174830412918655,3.182510421810846,0.20416717703349974,0.8660254037844384,-0.4270424748856605,-0.571829898880251,0.6126914277647981,1,True,79000.0
0.554460590722928,-4.5727806527270465,-0.9551262336503542,0.07772364324456135,0.49559740839784705,-0.16865501140161676,-0.67471246001811,2,True,79000.0
-2.6202765322448944,1.2407761967361648,-0.7676398668995263,-0.057633560874457104,0.6131284374973309,-0.48503009331069813,-0.6235639050967026,-1,False,79000.0
6.214853745651719,-8.176324453055802,-0.7676400165756059,-0.057631567256112015,0.8738166811837449,-0.4818282584626709,-0.06553293687036064,-1,False,79000.0
-2.676466342413146,-1.4187682683163574,-0.769303375935578,-0.02765697681806748,0.9089007998907919,1.33211890467057,-0.2673365206066808,-1,False,79000.0
9.616669992449731,-5.0017560556233525,0.21859364198513875,0.7381120594301825,-0.9076932366373452,-0.40718165505934945,-0.38841765011335,-1,False,79000.0
33.73984713142898,-20.1870660691816,-0.7676403360336773,-0.057627311985682196,0.9990044813077505,-0.007873502398471566,0.04391096136975839,-1,False,79000.0
14.937409614260337,-1.3067164220881151,-0.7676404288242031,-0.05762607593083112,0.9742252437483256,0.15468769370114693,-0.16417837249541142,-1,False,79000.0
6.000229667706765,-1.8068241977941,0.5765406616794007,0.7334530889107764,-0.7292923193138174,-0.45761211155402814,-0.6392292173921938,0,True,79000.0
37.543022918539776,-4.778775770052796,-0.7676406280068602,-0.057623422545226594,0.8720191593486952,0.46306556350215416,0.15857240929137414,-1,False,79000.0
10.045354948887853,-3.037127665239394,-0.7676407481872493,-0.0576218215185227,0.6093645574466522,0.46661808564952284,-0.6410394181182951,-1,False,79000.0
-3.802481541024849,-0.32882439818151066,-0.7676408977691292,-0.05761982874668951,0.6582749695473883,0.7038631320999568,-0.2669005573387203,-1,False,79000.0
2.557435716610571,2.340485925080959,-0.767641101621932,-0.057617112850777086,0.5327594188604677,0.801580851927032,0.2713213213458904,-1,False,79000.0
4.067741340194877,4.00942049744292,-0.7676414166830572,-0.05761291509220117,0.315763437993675,0.7047112185277689,0.6353320975554939,-1,False,79000.0
-3.124995013969227,-14.522732302874708,-0.7676420125154599,-0.05760497559939338,0.248265906125693,0.948896791128803,-0.1947161141390423,-1,False,79000.0
-0.965384530770239,-4.200364323308633,-0.7676437344130681,-0.05758202505080313,0.0902121770779929,0.9935306662031634,-0.06832366201424252,-1,False,79000.0
-8.058524919824311,48.46439835525036,0.7554572444777112,0.4235604771874992,0.059060915870345676,-1.1793208584124004,0.612690352945371,0,True,79000.0
4.870502206226158,4.248834458924353,-0.6185072025996377,0.4583027742933292,-0.1299108305034733,0.23650616248241896,-0.4901510406290146,-1,False,79000.0
-0.6434622620993742,-8.453827808190741,-0.7612008991416359,0.1147422491437114,0.012962034926051857,-0.8231677583337218,0.5678097472012386,-1,False,79000.0
-0.871986515166634,0.3921538607028303,-0.7611940567645819,0.11478763234282174,0.17432980588724017,-0.9521474639350056,-0.2512262745296401,-1,False,79000.0
-1.5147076615728652,-6.21620626722941,0.981638531668349,0.03180299605198689,0.32663548966182177,-1.6482667221666363,-0.27319675135639776,0,True,79000.0
3.4010589944731207,-11.468289659471127,-0.7611904379385099,0.11481162738839497,0.4205341056788344,-0.7486974280832928,-0.5124895631761257,-1,False,79000.0
-0.3846724383195082,-0.33395496342345,-0.29766429172103515,-0.8660254037844385,-0.5155063096879604,1.5404192974054702,-0.5683995253302144,4,True,79000.0
0.6925150532232838,-3.4468912781259,-0.2757713861493944,0.866025403784439,0.7461488032654018,-3.3263844629424812,-0.019969814373643494,1,True,79000.0
-0.5718433770975805,-4.137426088566072,-0.42228292268125484,0.6436378840655435,0.7937104529158727,0.9619483659984194,0.3451371865086699,-1,False,79000.0
-0.49578043305029107,-0.5514610434857808,-0.6577683748891696,0.39991668830927146,-0.8854657582412985,2.1827241879543733,0.27865774053876535,-1,False,79000.0
-2.477371206887508,-2.299348012934872,-0.7611877652233352,0.11482934584372163,0.8074465177385557,-0.19101337307995753,0.5581674485401368,-1,False,79000.0
18.103859789239863,-9.406415749665182,-0.7611873966140159,0.11483178927705229,0.9267978375657556,-0.06213590198100316,-0.3703874989942377,-1,False,79000.0
8.895660388125746,-5.946950722082533,-0.761187017647626,0.11483430130977959,0.9623135740780073,0.09500278954310454,0.25480194759168073,-1,False,79000.0
45.82212515224752,-19.694723062078697,-0.7611866052133867,0.11483703512505022,0.9339807069253483,0.2522140463551388,-0.25310002697825407,-1,False,79000.0
47.48789388931823,-15.436301368676748,-0.7611861275944265,0.1148402009332694,0.907600313488188,0.415254726182708,0.06172812540511868,-1,False,79000.0
2.724394660141417,2.106025123947007,-0.7611855330395972,0.11484414170438367,0.7658802694131257,0.5177415136169865,-0.3812458977972542,-1,False,79000.0
20.24741010034986,-8.749656352223809,-0.7611847225545346,0.11484951346073916,0.6730804765209907,0.6394592011135476,0.3715119854268492,-1,False,79000.0
4.955263269226792,3.8630288312491143,-0.7611834694509585,0.11485781831113759,0.5460029773577835,0.724733755634045,-0.4202281231937791,-1,False,79000.0
-0.7456008523928536,0.8082642734938241,0.557085084400728,0.5312709302520006,-0.4047060049104112,-1.2258096702563002,0.4824709617467869,-1,False,79000.0
7.0294574283456575,11.131156877708428,-0.7611742334050595,0.11491901058054921,0.27538676825331576,0.8451861273471473,0.4578756346999853,-1,False,79000.0
8.468256691564179,59.544753986289834,0.6839288125015983,0.5474513555558608,-0.1473015121696914,-1.3497752237402914,-0.15239024358230222,0,True,79000.0
-1.6222193035612342,10.440080404016944,-0.43969754970016783,0.6318691774254059,-0.328619684430853,0.005273810798603229,-0.4369464937937044,-1,False,79000.0
2.4643871280146477,5.481050856345925,-0.7166329224722017,0.28112247690560777,-0.18448932291144718,-0.871576124125893,0.4547011096757505,-1,False,79000.0
-0.719272299740097,10.835135329746453,-0.6594259066547248,0.5898916334157217,0.040206787826657875,-0.49380425838971276,-0.3707247026469253,2,True,79000.0
-1.1762057244333541,5.30636878733118,-0.6054550509019094,0.6833718977075697,0.12069021652948908,-1.904813293499041,-0.1309859215214603,2,True,79000.0
-1.2544698349435863,-0.06815318253141689,-0.5381607679054428,-0.5504321760944,-0.264164777184678,1.5691782429689995,-0.3625469181414953,-1,False,79000.0
1.7821529067144302,-10.6998813621711,-0.3942913006837215,-0.6611557780113031,-0.43074188108092226,1.633743781117073,0.1741652920022279,-1,False,79000.0
-0.35474560172324704,-1.049816334912561,-0.7165616557850049,0.28130408111373817,0.41709404156092067,-0.5866754653830326,0.6942014116608201,-1,False,79000.0
12.999783836707941,-22.340919630929143,-0.7165587892518854,0.2813113828810777,0.5809740884169597,-0.5833142647302083,0.5676883958273571,-1,False,79000.0
-7.381100594839551,-4.0363103834361365,0.6939036476774757,-0.5301744342341161,-0.643850770255514,0.32259477331077707,0.6102181266923845,5,True,79000.0
-6.649266337275599,-10.069909072900302,-0.1319195627335985,-0.8660254037844387,0.7569888853670588,0.8372584841836036,-0.5372572580826462,4,True,79000.0
-2.5453878787409945,-1.0477535883392288,-0.38401786886071765,0.667175291050459,0.9577847162014506,2.497802018753959,-0.012863283626154317,-1,False,79000.0
-0.7251691191009804,-0.18381389454747044,-0.2443811790477184,0.7299797476093697,0.9821490162423867,0.9220862902326854,0.1411056304079524,-1,False,79000.0
-29.129675180606274,-9.603720202434767,-0.8453032869042418,0.2679425668457593,0.9974045092689059,0.16833773971363974,0.06033920745829845,2,True,79000.0
43.961955673304054,-30.313300288275094,-0.7165442069692034,0.2813485241679218,0.9027764574410557,0.18739057141238855,-0.38711974461644155,-1,False,79000.0
2.4621800722294394,-2.6414120675013963,-0.7165406376037277,0.2813576145318191,0.7891859931065528,0.30609405330988715,-0.5324058349918689,-1,False,79000.0
11.682108106892205,-2.326039873548254,0.4773069279409638,0.8660254037844385,-0.6853123425867814,-0.8531982961446493,0.6042176461601295,1,True,79000.0
14.269509719234378,-2.8726715345071927,-0.7165282484584702,0.28138916424345317,0.7041383133231813,0.5939150365265693,0.389043879255757,-1,False,79000.0
-4.283737789873192,-14.525798747264627,0.542808509778312,0.7918788898520932,-0.6317010896581132,-1.1237616214244177,0.22155334070486743,0,True,79000.0
-1.3596480106758233,-0.8180771435768787,-0.7164727810380505,0.2815303653679194,0.5134578099735614,0.857626496157117,0.021364529057822507,-1,False,79000.0
6.0366690936432565,25.242416618241915,0.6318141188021571,0.6377166528641822,-0.30518113830656074,-1.274339530357082,-0.5497454314486785,0,True,79000.0
57.26876237197237,69.96584559419489,0.5742494601623886,0.7374215663486201,-0.5526214151435462,-1.3347964901337548,-0.19396788932645523,0,True,79000.0
2.814891016557051,3.3726171112984393,-0.7671588067269486,0.06371779856426726,0.3154015085309969,1.097938941924809,-0.6596243907374109,-1,False,79000.0
-0.7850370015419768,1.3157397631244137,0.7152558166948425,0.4931913926442386,-0.20448287252737585,-1.4727289181280276,-0.634359737516425,0,True,79000.0
2.486638978260907,14.186365373420818,-0.6051430306450557,0.6839123326454305,-0.0971020129458584,-0.6271592272360963,0.3112969695472217,2,True,79000.0
-1.102534619778299,22.959144252148874,-0.7408161978216666,0.44891951387175455,-0.05774738564770171,-0.8988398732806682,0.39799630610672143,2,True,79000.0
-0.9722875362123312,-1.735861490876616,-0.6711275452962084,0.5696238007568614,0.20183854533766096,-0.6946918050772972,-0.4526641821833556,2,True,79000.0
-0.5289913728302169,0.8646462045823582,-0.636013093487594,0.4336818390305655,0.3760672569467238,-0.9054539023707807,0.19710640944071178,-1,False,79000.0
-0.12041901177196171,-6.414874029403342,0.6768696328894991,0.559678213303771,0.4280583577831132,-3.7513622063227423,-0.5904114150285535,0,True,79000.0
-1.8769829862723313,-3.756711585784347,0.2938893345727449,0.7114925520460362,-0.6226894069959404,-2.6206756782126703,-0.3420862230113531,-1,False,79000.0
3.400284061237493,-9.137607784580362,0.7844941863312059,-0.37326701860082306,-0.7654899271806463,0.5165688296206338,0.1707425285337237,5,True,79000.0
-1.932277383644825,0.38973194066931577,0.023103520271393348,-0.8660254037844388,0.6231394052184146,0.9961318679773561,0.6977868936800694,4,True,79000.0
-6.368962136268056,-11.886489499492066,-0.6359843210001467,0.43372403211555455,0.7493691064995991,-0.2739350749903655,0.6028643449853925,-1,False,79000.0
0.23326311452062082,-2.737906817457257,0.5279366947748805,-0.560245873615118,-0.9342491845779329,1.4207595178626375,-0.31080631673400627,-1,False,79000.0
6.365193839410985,-2.9212365088402277,0.6157053880160166,-0.4620600261444814,-0.9428285739848978,-0.24474829566320838,0.33276081845924543,-1,False,79000.0
4.3139650636861795,-3.497492606560582,-0.7683849577741309,0.401169020932416,0.8157844899119981,0.2819087256398623,0.5658383694536744,2,True,79000.0
1.1175154545978128,2.3852738324380187,0.351442669715856,0.8660254037844385,-0.698745181679451,-0.9580895662013313,-0.6791962308323773,1,True,79000.0
4.52337931539834,6.596100306363892,0.35822350350515925,0.8660254037844385,-0.8603045335398871,-1.0317664154465271,0.25064345053629616,1,True,79000.0
24.55131357199438,-5.669732779769196,-0.6358998678513554,0.43384784275045246,0.5867944251880242,0.43821316581479486,0.6807597257081922,-1,False,79000.0
-0.9050631305379161,13.727243797246613,0.5291928878458583,0.8154618388157524,-0.6449334332151626,-1.1925591053165374,0.36121841418785644,0,True,79000.0
-1.0428620862732763,2.2870464846168934,-0.14043957791396855,-0.756881310079684,0.4667325362375424,2.836554304898463,-0.5599316240612312,-1,False,79000.0
-0.9528789212840644,4.747535304433064,-0.45506538253070117,0.6208929780685062,0.5751523059067705,0.4145091125509983,0.6200026230141439,-1,False,79000.0
-0.8155304711679554,0.208078649815291,0.4531832257026011,-0.6222680744939256,-0.4410948447895827,1.643100288100751,0.6920983443149229,-1,False,79000.0
-0.10513208226646026,1.6975144667282183,-0.5237038578933236,0.5642046276132815,-0.3529934403898237,-0.6587565699025938,0.6647054577260946,-1,False,79000.0
0.08123499640701935,3.5321854494981384,-0.5236466499534688,0.5642577235493562,-0.3209027894193754,-0.9470337762973751,0.020980162920986523,-1,False,79000.0
-0.5198251436993003,-8.389453247333254,-0.5236163955348072,0.5642857989704586,-0.11393950646328943,-0.6999278215701306,0.7052335950582123,-1,False,79000.0
-0.643531649720161,6.438923733553673,-0.5249762786383207,0.8227652201988694,0.003216112931601234,-0.3881273372408867,0.5767352723709868,2,True,79000.0
-0.7684649774235592,0.9097300558606174,-0.39759051573742277,-0.6591770432806671,-0.12776236098643046,1.7337580617198234,-0.6518596759950319,-1,False,79000.0
-1.7373447065134495,-7.541208645547368,-0.5235709293196606,0.5643279849200634,0.28352604685836313,-0.8155087632742439,-0.5046876816630416,-1,False,79000.0
-1.730411563848601,-5.7845535676132025,0.7626359093587705,-0.10478102093945074,0.342760452806096,-0.0037893461983082855,-0.6991561594165543,-1,False,79000.0
6.258023499993651,-12.247039621235679,-0.5235518102848253,0.5643457225319197,0.5373327471573779,-0.6848705375348121,-0.49228204178999396,-1,False,79000.0
-1.5466266157423951,7.280885476433758,0.6786156128291208,0.5566540873393507,0.5517468504494782,-2.6828413950364602,0.6645597834249983,0,True,79000.0
-6.105942357248075,-9.88031614800351,-0.3025876192148623,0.8660254037844385,-0.7663039992585223,-1.1726799849165805,0.40793016771659457,1,True,79000.0
7.162352073851605,-8.413924521705983,-0.523523782428821,0.5643717230903872,0.8898726850745364,-0.3862467220170335,0.24290701100540307,-1,False,79000.0
1.0725039226236026,-1.473316426246565,-0.12509668881195046,0.7595679107498409,0.8011429839635423,1.1753859044569508,-0.564234055106093,-1,False,79000.0
5.024152870387735,-9.31988489116407,0.6799410121981461,-0.5543584282918786,-0.8410787591127361,1.4973068545028294,-0.5368265540691107,5,True,79000.0
-3.934835595458995,-5.935371251953219,0.03892846991467036,0.8660254037844384,-0.9538246964812651,-1.0656763349865785,-0.2887206010592067,1,True,79000.0
-4.700594335524407,-2.5700706505936433,0.34434413184324747,0.8660254037844385,-0.705171368901827,-1.0778499944807405,-0.6854049299177624,1,True,79000.0
-0.37531625723500533,-0.2774371751161522,0.3151233998210772,0.8660254037844384,-0.8978446036012802,-1.134571970849247,0.18822512805345729,1,True,79000.0
9.481983217941929,-2.325527836646885,-0.5232252035867937,0.5646485446046515,0.5980705379278409,0.39348514922174904,0.6978475248086128,-1,False,79000.0
2.8393423956857915,-13.371881283439288,0.4162387587472077,0.8660254037844393,0.6877640447272069,-2.9093380873336576,0.3460389150803157,1,True,79000.0
3.2086554788314947,-7.01821822289456,0.3461788323901742,0.6875702208484367,-0.8583021391125154,-1.3914038066666907,-0.13325383294285478,-1,False,79000.0
6.233207200770335,2.567361882622136,-0.7341759491630885,0.23146979989422012,0.6427519377956943,1.0727549696051433,-0.5537693158589744,-1,False,79000.0
-1.176759815565134,-1.2559118355398404,0.5128686318552564,0.5740717368513362,0.5988997419358136,-0.8113517080121826,0.41038684753297117,-1,False,79000.0
0.28227055525888356,2.5334002327657794,-0.3849954556901357,0.6666116498310969,-0.4770507543035677,-0.7762734586971047,-0.41247076110852887,-1,False,79000.0
-3.1121853729496283,-14.197862693742044,-0.7043930219971025,-0.5120063049729138,0.36075480075676786,1.773821129518064,-0.2845356171710231,3,True,79000.0
-0.3585891749559586,-0.6368266635348204,-0.5827789320817354,-0.7226480876225797,0.19661613863668626,1.8837601126666463,-0.4377435785151593,3,True,79000.0
-0.5074311678849263,14.1839159457947,-0.3160432824835931,0.8660254037844384,0.04754312180363035,-0.5865713030191244,-0.5051299671817396,1,True,79000.0
-1.0617154201816696,-12.598321734278091,-0.3848897768603218,0.6666726725020339,0.09441929399403831,-0.8531939893689637,0.5131598208686768,-1,False,79000.0
-6.8157852931357485,11.941790179723757,-0.4518187903627679,0.8660254037844385,0.24470301483174803,-0.5919002354265784,0.4373294771679309,1,True,79000.0
-2.475552349775807,-10.007736521968894,-0.4928772388508377,0.5913244625544986,0.4067781391162848,3.090978461514829,-0.3025262667427873,-1,False,79000.0
5.45405274333127,-11.044660202262516,-0.38485066427220793,0.6666952518218745,0.5546207448694151,-0.7999639335832349,0.22933897187208646,-1,False,79000.0
2.333129110732522,-7.657753675283557,0.11848805598573531,-0.8660254037844386,0.5418884332744612,1.2821143543498141,0.6293433415693682,4,True,79000.0
-2.3872009083737535,-1.4215567378799232,-0.7502365874226669,0.17244609443238648,0.798091027583305,1.7506528613823114,0.13768523031464075,-1,False,79000.0
25.97272104604561,-34.44036107970197,-0.38480787926487114,0.6667199476903811,0.6652827442261066,-0.33681111117976087,0.6663712055431953,-1,False,79000.0
-1.4570573894292649,-1.0863640620468804,0.7505224364767684,-0.17119773636811736,-0.8792275459589962,-0.13965534236869787,0.38901581747431685,-1,False,79000.0
0.5971528543964765,-1.9832024027006598,-0.38476050780483123,0.6667472866284203,0.9009333189562445,-0.1250855071585744,0.4155857680980109,-1,False,79000.0
9.802670348540747,-12.170891693095335,-0.3847182832862617,0.6667716513903872,0.7523972123933445,0.020497929570556017,0.6583830953574995,-1,False,79000.0
9.015423423957715,-13.426633432087486,-0.3846384099244213,0.6668177308705918,0.7086150609228827,0.13804704969147985,-0.6918855245615543,-1,False,79000.0
-14.26898020577373,-32.484731706679675,-0.5632500545018406,-0.7564730958057488,0.9208709131077786,2.1673497050992996,0.18199546619738413,3,True,79000.0
-6.092381199671707,1.7516145860088834,0.5771460662186851,-0.732404497489603,-0.8063216573090815,-1.1327001923541031,-0.3648659753083238,5,True,79000.0
-0.6540997168584971,1.361614957518796,0.37955465556895385,-0.8660254037844388,0.9315028191452066,1.2465790919003341,0.22303283008826516,4,True,79000.0
-0.33979208698941465,-2.7004468741500482,-0.7547130173362137,0.15166032459367992,0.6602360392875362,1.1302868148594845,0.6742551572935014,-1,False,79000.0
-0.1573367351301181,-0.25188646531379844,-0.22714044350567159,0.7355268938092198,-0.7739574933072102,-0.564484550819658,-0.2875652631320246,-1,False,79000.0
35.08736406881189,6.1578100021440685,-0.07206379302574151,0.8660254037844384,-0.6591334231901242,-0.43732455505428697,0.33710552375072955,1,True,79000.0
1.233009633099752,-0.7247003023496256,0.17231533285447093,0.8660254037844386,0.42527107898057726,-0.33053864500746183,-0.6702525521461159,1,True,79000.0
-7.262668596251006,-24.501232124112462,-0.2269585246230964,0.7355830481281496,-0.3246922598171309,-0.6812485819795564,0.6562848370964924,-1,False,79000.0
0.5243683919457641,-11.42496884540493,0.19049683721250743,0.8660254037844385,0.25651496673562757,-0.7335047691265599,-0.3681312206658313,1,True,79000.0
-0.4478759302775238,-1.4563161273976148,-0.18917407826364083,-0.7461941843151114,-0.09499381083933633,-0.43126488133404767,0.5519729243186055,-1,False,79000.0
-0.5620972237553894,2.212693305000863,-0.24577099223904844,-0.7295129964342144,-0.04187480448135705,0.36690148574860293,0.5744168834070286,-1,False,79000.0
2.6764595791286783,-19.384427980471248,-0.22688204103535273,0.7356066421996371,0.1592732550261713,-0.7241831860507507,0.671102105924453,-1,False,79000.0
-0.7433508815834695,0.9064075190844799,-0.22686690947466975,0.7356113090335169,0.27196224996150287,-0.6773519776957907,0.6836730158358237,-1,False,79000.0
-13.338959327135079,9.77671293554537,-0.3208747078530447,0.8660254037844384,0.4297473701283187,-0.48666083511630204,-0.5637625383034505,1,True,79000.0
-2.5457611441705406,-7.658893017138286,-0.22683442496813616,0.7356213266633638,0.4629966075394031,-0.5360220490526844,0.706025798916944,-1,False,79000.0
-8.688224522325633,-2.056794189050445,0.7677932082953436,0.05555341472975125,-0.7392326353200656,-0.06984590781962291,0.2773077725871072,-1,False,79000.0
7.89385582832317,-6.408854710599704,0.7643373295034962,-0.0915480164725378,-0.708757799188954,-0.3048889570067601,-0.5719710736462152,-1,False,79000.0
1.2727946518810669,-9.32085580650883,0.9299414979985703,-0.1213448849686413,-0.6974402345032659,-0.22775925764174476,0.6661399102213327,5,True,79000.0
1.4135899688572435,-7.461913192277195,-0.22670573551348205,0.7356609967083232,0.883445092818936,-0.17640302883042003,0.4341489648051943,-1,False,79000.0
0.3874345389516697,2.19510843879245,0.7675244730520999,0.059150451043831195,-0.8753947478473075,1.163555025760616,0.48262139728128495,-1,False,79000.0
-1.3341074885562954,-1.7515977755991485,0.7676375988630006,-0.05766376162234934,-0.7302985406435704,1.263486797544195,-0.6760127624218591,-1,False,79000.0
-9.150696409146505,0.6862619161514157,-0.7638243372689032,-0.09573387273224211,0.8605716337266609,2.6323915138442304,0.43468623968396075,-1,False,79000.0
-2.004357511903984,-1.7759917009306798,-0.013410420778570131,-0.7696835409485736,-0.9559989201821694,-3.163573707234752,0.2844880623889248,-1,False,79000.0
-0.5359522933929317,2.2903457785971097,-0.7249673246669625,0.2588724990373049,0.802994147820006,1.0278202399314145,0.5626158874858534,-1,False,79000.0
6.813439364546562,0.254774404805636,-0.9658690146693367,-0.05911660070509672,0.9026302954788422,-0.26799744978874485,0.1873872791891302,3,True,79000.0
0.5615674397095071,0.616594717442033,0.5645973547234865,0.7541395033688105,-0.6844315981564849,0.469453914428708,0.581707043892783,0,True,79000.0
-5.732765464040944,20.314045544794357,-0.5451571601145752,0.7878109081404712,0.5390907883002848,-1.3894387151007825,-0.6861237878216394,2,True,79000.0
10.106366732465796,9.656557715492236,0.027761703844504992,0.8660254037844384,-0.6174709784809039,-0.6424421487698477,0.09717278679382003,1,True,79000.0
0.3061927135660266,1.8650136262476749,0.07234072076688014,-0.7663937713157125,-0.473476220814519,-0.5843996941206804,0.19616033047820008,-1,False,79000.0
3.58599855102575,8.333967692741517,-0.01974305225612532,0.8660254037844384,-0.28122900492984426,-0.6643060943756335,-0.532026816995869,1,True,79000.0
0.568034538845981,-0.2627470742326973,-0.012158183722714752,-0.7697043400950503,-0.1261309278567514,-0.3611561604059966,0.68151299603922,-1,False,79000.0
-0.057559288545085074,2.6810116870458405,-0.06550136578919515,-0.7670085812247099,0.00780411774118922,2.0129292764500826,-0.1325430802143635,-1,False,79000.0
-0.006012578107348884,2.69282286539049,-0.09384850329150499,-0.7640582772423424,0.15214418844840683,-0.7194299511007936,-0.24245270183180923,-1,False,79000.0
-3.4908129209675876,7.146095052413857,-0.09491441683640787,0.8660254037844385,0.22765533718314032,-0.5163114254758397,0.6964484429464491,1,True,79000.0
-0.6940907038333252,6.619929555513825,-0.6353139622263008,0.6316547462350305,0.3947004457023575,-3.0797536218235764,-0.5401568424083608,2,True,79000.0
-0.18113325916855294,-0.6614145301041862,-0.4274034785868972,-0.8660254037844383,0.5947880841111297,2.367044226685072,-0.2071860541258687,4,True,79000.0
-2.43532343232347,1.3571032534903327,0.9245336249499336,0.1307115958497637,-0.72469655169688,-0.03694904215104944,0.12438391755882211,0,True,79000.0
-1.4687353500732432,-0.8138995391200708,0.9714519929428229,0.049446598677865945,-0.8191276188587255,-0.030614274863978608,-0.1806775781405653,0,True,79000.0
-1.6246765550948854,4.946514745840402,0.7695300264150263,-0.020399290141599885,-0.9050108128584727,1.3193654879657422,0.12854726769569322,-1,False,79000.0
-4.6864300250604325,1.3279479179601406,0.7694885143384227,0.021909333486880574,-0.8036733431706784,1.2393096353311273,-0.5566846506434787,-1,False,79000.0
7.391916650251367,-16.373773433915446,0.5223466882529191,-0.8273198043494805,-0.9756497996863874,2.2203678342782043,0.20064956294794045,5,True,79000.0
-2.3784860726822354,-2.428612095847744,-0.36295024108152424,0.6788664928330574,0.8406933129695299,0.426300192754301,0.5378341709993804,-1,False,79000.0
1.0554738323966737,0.18445441998593198,0.4089577146264329,0.6521856945994119,-0.8174847596681127,0.4831308765206317,0.5626157521234665,-1,False,79000.0
-1.6340270621890949,1.5866411599265295,0.11413174809478155,0.7612926747771988,-0.9892484210976173,-0.016186885002448914,-0.14541267632705568,-1,False,79000.0
-5.5092203937011295,-1.4226075658742658,-0.9247098521918711,-0.13040636131304964,0.9818603759918284,-0.28928710614168596,-0.060247300472540476,3,True,79000.0
-0.5650784038060429,-0.23864161859645366,-0.38760973459679476,-0.8660254037844385,0.7565380737069123,2.9198283212830383,-0.5941890249591862,4,True,79000.0
3.871667817291917,-4.77207392935103,0.689566401942989,0.5376867642111582,-0.866522946857856,-1.5544103536459528,-0.1105819337296157,0,True,79000.0
-1.5392384883989891,-0.4621915874454536,0.11462804681693697,0.7612181050628831,-0.643556380488013,-0.5175397550621857,0.5640533900283983,-1,False,79000.0
-23.692197020603963,-45.93855209211087,0.11465417329984783,0.7612141703472952,-0.620994239824331,-0.6963974849634855,-0.3599625066960183,-1,False,79000.0
0.7088990767645637,0.9264999394121437,0.11467516546687241,0.7612110082084583,-0.4771514438294555,-0.7561951365299943,-0.44797103541648275,-1,False,79000.0
3.589017679764605,1.518293694289119,0.42229738226151825,0.8660254037844386,0.274525968268049,-0.46670023677115735,0.7052518869572182,1,True,79000.0
-0.22409786739083076,-2.9682312163524287,-0.9574337957968018,-0.07372682836529125,-0.2268978804328664,0.926349874150848,-0.1685252549429278,3,True,79000.0
-1.3852113372298083,-35.91619166144329,0.11472615493178288,0.7612033249843047,-0.05256816991253438,-0.784418351537796,0.6181605270124381,-1,False,79000.0
-0.03234493858648708,-6.143299635598874,0.11474281244580717,0.7612008142301339,0.08401052542611324,-0.85094626479004,0.5186865213205224,-1,False,79000.0
0.23858908493838843,1.9296825273969442,0.35347566704132766,-0.683847603931081,-0.22536683246594058,1.8938586899555965,-0.5028010650381954,-1,False,79000.0
-1.4918384692931566,-3.6997146274797448,-0.007694474258601619,-0.7697619032262353,0.3354871157010391,-0.3683010575618514,-0.5914639188851745,-1,False,79000.0
3.2464149933802204,2.2415396533143204,-0.2914054982646768,0.8660254037844384,-0.40775609829914794,-0.3928759712701535,-0.685519713610985,1,True,79000.0
0.007519460406268497,0.035064477242250564,-0.4639176818176286,0.8660254037844384,-0.5761630266059307,-0.39788572400047173,0.5479753276559884,1,True,79000.0
1.321087380382008,-33.41769962052134,0.1148986946481858,0.7611773003451525,0.5821942700715088,-0.4388800430798032,0.6846051335429042,-1,False,79000.0
1.7553978972859805,1.463598193710959,0.7639374306203472,0.09482718328503928,-0.8012431871841763,1.2276816469498928,0.4286693504792093,-1,False,79000.0
-15.877567298052746,-2.4065305437346995,0.11530419956470761,0.7611159794376506,0.9375070814935047,-0.30604031562794803,0.16671079259125757,-1,False,79000.0
-10.478880053605428,5.345726613257699,0.6101642726916454,-0.46935290871929997,-0.9888288459173136,-0.8668755204070595,-0.002001336573258778,-1,False,79000.0
-55.341503648435534,35.2051139803465,-0.6858789775433528,-0.5440735706203976,0.8746471556627013,-0.9525266753087984,-0.34227987264567117,3,True,79000.0
0.48685894152278514,1.1633416699925159,-0.968224872639903,-0.05503613500465933,0.8679026672856711,1.255872396986653,-0.46149284310889566,3,True,79000.0
-13.186629248972444,-4.733568341972582,0.2809531912459606,0.7166993071862865,-0.8916646659748528,0.03831657395852628,0.4510446107208356,-1,False,79000.0
-10.636054993033984,-12.001360843091728,0.2810455357489042,0.7166631003673929,-0.7148826441085729,-0.08795286170533106,-0.693725298788568,-1,False,79000.0
0.845939146313625,1.4300815308210728,0.2713965183224228,-0.7203724886717005,-0.7834875374694545,-2.158656366336574,-0.5766451658117012,-1,False,79000.0
2.140781475964635,5.815785548469303,-0.6891200069058819,-0.3430833844339151,0.8949930889098956,1.519563904258815,-0.09722948201305905,-1,False,79000.0
-8.263064069549348,-23.06436589342053,-0.5772995203656279,-0.732138707110467,0.6630136945998001,1.7663191833324445,-0.5815330508218113,3,True,79000.0
0.5792239300620332,1.037180962803946,-0.43039891089865556,-0.8660254037844384,0.5382959204341151,1.8582019956304543,-0.6501903911207858,4,True,79000.0
3.787472696328895,-4.408351184179861,-0.7493011825625213,0.17646623020566715,0.5787554884097961,-0.003920084201719409,0.11583324749493501,-1,False,79000.0
18.55976296894011,17.327072863274786,0.36426270360742957,0.8660254037844385,-0.4188589694221798,-0.6543201090555179,0.31264267572004006,1,True,79000.0
0.4858838512193261,-0.24797368009378906,0.3306297471875351,0.8660254037844385,-0.2816669529289808,-0.7639881913754657,-0.19572648039659,1,True,79000.0
0.09461115572840077,-4.022989623570623,-0.12548970706480975,-0.866025403784441,0.12493234546652754,4.242039655040468,0.10640786564181949,4,True,79000.0
0.6457725501033807,-11.108867296641387,0.2812436521278008,0.716585375744167,0.03431646472472363,-0.8713431456918084,0.48968014340612703,-1,False,79000.0
0.47420585646462826,-1.4791468036651976,0.6524942005554928,0.6018977005627276,0.196171418252302,-2.8373412480439693,-0.2622844592848025,0,True,79000.0
7.731751305543589,-28.378445298689986,0.28128540946886826,0.7165689855223456,0.360665269713534,-0.9298326987689981,0.0746165940582685,-1,False,79000.0
-0.0034886730117213716,2.1931523839949643,-0.1435963915705915,0.8660254037844384,-0.39900630390597847,-0.3921088006290248,0.6231915772282646,1,True,79000.0
2.2307191328915494,-4.75267599278172,0.28136574425880617,0.7165374453231879,0.5360140066363022,-0.6356376267949828,0.5558352211311627,-1,False,79000.0
0.17055705888467365,5.377619130393872,-0.1758405013373776,0.7494482708513057,-0.5417577323969083,-0.3830186093892505,-0.7030452717756968,-1,False,79000.0
-4.869638558881533,1.40906443821582,0.7508737122733269,0.1696504076312977,-0.6439494028773205,1.1147329344674526,-0.6608878329358828,-1,False,79000.0
1.3239272635618788,0.09443580026795666,0.3121947129403731,0.7036526513875083,0.735638644012969,-0.330796059096606,0.6127628754876216,-1,False,79000.0
0.40368353980282523,-2.859402895075703,-0.7697263645905512,0.01067315542873828,0.7076421823765291,1.21807279828068,0.5162099369508357,-1,False,79000.0
-17.17865888824419,2.1133337990421746,0.43318787795574504,0.6363496326586437,-0.8661460662450844,0.399909787180773,-0.29906805039989215,-1,False,79000.0
-10.4830444966288,-2.7629500112438086,-0.6139255007333503,-0.46442229935899654,0.9626647421420303,-0.7340251290337838,-0.059626381260678686,-1,False,79000.0
-3.467227194131966,-1.0640105277782004,0.4334712812422532,0.6361566166682475,-0.7340482670485797,0.07516369135718387,-0.6748986130080897,-1,False,79000.0
-4.929336037867158,-0.5388584759652575,0.43350972231128293,0.6361304215757856,-0.7683424533193679,-0.04863622387962291,0.6382016601739714,-1,False,79000.0
-33.307680641126865,-41.71437466498764,0.43353459099237834,0.636113473372215,-0.7673206536823063,-0.17845955293651852,-0.6159724553186204,-1,False,79000.0
0.2678323892116223,2.4608451992275735,0.9273329021188453,0.12586310556874045,-0.7268815390125316,-1.6863450748137951,0.6168354102507756,0,True,79000.0
-1.2379746299137269,7.798296470806756,0.3921979071789229,-0.8660254037844386,-0.8287748038561115,1.24141066125762,0.21049870463252782,4,True,79000.0
1.7566809206758771,-2.7811530342561896,0.6902826259309754,-0.5364462278743654,-0.6553017488426408,2.100817449551207,0.4841143821176588,5,True,79000.0
-1.1559315047483478,-7.423814000047638,-0.16797305508025603,-0.8660254037844384,0.48803144192440884,1.8349261267081982,-0.6318227906868724,4,True,79000.0
2.4012772107631726,-9.92662734213329,0.5412203331379978,0.7946296924845114,-0.4301546060089961,-0.5086971656420163,0.48909368597785446,0,True,79000.0
7.189017685064374,-21.56932841369192,-0.7402773822049462,0.21114447657560007,0.34325289940382775,-0.010723399573468129,0.0007106869800379615,-1,False,79000.0
1.3692840336253485,1.1090582280202326,0.6581593081288086,0.5920854464154008,0.14236279564936416,-0.8164661322018397,0.6334215078430244,0,True,79000.0
0.45858984912028317,-0.4795296329001536,0.4388817258163979,0.8660254037844386,-0.019474446857671954,-0.720263443197557,0.14514930515774888,1,True,79000.0
0.723701338149417,-5.82634401211774,0.4336602824654033,0.6360277918492392,0.1451333207010443,-0.9894203928762489,0.014346836541566451,-1,False,79000.0
2.2673663289619643,-6.822390626469304,0.433685145227235,0.6360108390600152,0.28559512288237665,-0.888627159888012,0.3592120938928182,-1,False,79000.0
0.33630962767343225,2.8380181846373644,0.05022679583979034,0.7681600494508031,-0.34683084996365887,-0.43332031921398173,-0.6541403317425032,-1,False,79000.0
-6.389663314509223,-7.066713787640109,0.769730279806032,-0.010386960205953576,-0.5357989011443617,1.3443420209010133,-0.44577550270019,-1,False,79000.0
-0.14908769458393592,1.4716268902854273,0.43400661883840924,0.6357915125235977,0.7109785009473706,-0.6813474362146298,-0.17598303144407276,-1,False,79000.0
2.753943199050409,-9.049459055721954,-0.38535314904676016,0.6664049392916742,-0.7900930151775567,1.4006037597119416,0.2925420904409723,-1,False,79000.0
-11.128040130175965,-10.584958912518704,0.39387059436475613,0.6614064918696717,-0.562060958453734,0.3025289727687901,0.5631564180589773,-1,False,79000.0
7.885274792162335,-16.445812358621506,0.563976097913141,0.5239499533116305,-0.7294734799115805,0.5627255551339807,-0.38820474031829294,-1,False,79000.0
3.0954485695186245,-3.214529035922499,-0.2756599977385876,0.7187518057294575,-0.8287713045211573,1.2407028112744656,0.3402003679197831,-1,False,79000.0
4.604041908125524,-1.5772457645424132,-0.2645038377892528,0.8660254037844385,0.8720076746453851,-1.0652377067967453,0.39021235078175054,1,True,79000.0
-10.025518749096376,-0.6716596405333318,0.5641942750915652,0.5237150108088328,-0.9308678296008324,0.15145266646277708,0.3324328313184752,-1,False,79000.0
-4.02526039399931,-3.2014583881480405,0.5642111349674072,0.523696847203974,-0.8133720268964331,-0.0033158000772857688,0.5817350705017191,-1,False,79000.0
8.814643106737352,24.47797826578397,0.5907308928681348,0.7088748875207412,-0.7088030272482843,-2.2001077257665242,-0.6949254251845681,0,True,79000.0
31.658708527689377,-41.15715276306113,0.38695479515204634,-0.8660254037844384,-0.9430239188917033,1.0746675628591098,-0.0564796694678684,4,True,79000.0
2.0107782910191228,2.956949337292476,-0.42450856948327836,0.6421721475024073,0.6748623542902067,1.8338652053753437,-0.6392581378153115,-1,False,79000.0
0.38209420234133357,-0.1045852695253666,0.7691018282322812,-0.032786741258549475,-0.6263153964140372,-2.5594229525437053,-0.6051475148360622,-1,False,79000.0
-0.6443561784758428,-4.032940644231768,-0.5726203232446028,-0.514488637386521,-0.6509135512323995,-2.459349877675341,0.2615015358212302,-1,False,79000.0
-0.8399599273571707,-13.033992655673725,0.639585839839245,0.6242556371656944,-0.42529819420024406,-0.4795877152190653,0.6228966450519015,0,True,79000.0
8.956571549480321,-1.2362657870370382,-0.7684215887683039,-0.04605273615529515,-0.39605488811021894,-0.4903120710817437,0.10091431328596773,-1,False,79000.0
9.579288471805603,8.210593989838731,0.6101369943910916,0.6752625337061398,-0.17986150012366317,-0.4673664218636246,-0.6678980733630485,0,True,79000.0
7.865631228086237,15.364754628653397,0.5821836332465343,0.7236791754508347,-0.07746860866311522,-0.7510573403828669,-0.17305366379410408,0,True,79000.0
-0.04678978007366874,-1.8285594672067993,0.5643131720502688,0.5235868948351892,0.061603044583330546,-0.7096428652717853,0.7020204514996911,-1,False,79000.0
0.5442037238958529,1.2792552701372206,0.8886171412710182,-0.19292077041086303,-0.21032326304644,2.3589947630104655,-0.5368849265889463,5,True,79000.0
-4.801879639317067,-15.908667202708152,0.5643884843085211,0.5235057128365669,0.3636581564934257,-0.8204968911521284,0.44149813870558213,-1,False,79000.0
-2.5817195201826824,-9.916288011786223,0.5645309048799081,0.5233521281394244,0.43286248155061235,-0.657408121614106,0.6173611688078278,-1,False,79000.0
-3.921527611433847,-14.708411266555407,-0.5107908841080542,0.575921231857887,-0.5036588617407829,1.3864526943696711,0.6720710203924583,-1,False,79000.0
23.245992940704408,-28.324977681045432,0.2133022031219861,0.7396585446920085,-0.48853933801083976,-0.0818249588335771,0.21287851197991614,-1,False,79000.0
-0.6461531012451789,4.685227542522644,-0.46463201357208367,0.8660254037844385,-0.49376879395422,-1.6916003397597026,0.6298665216679119,1,True,79000.0
-6.652184295405155,-2.6061581735347783,0.6665504770961053,0.38510135558778136,-0.7082104001927677,0.6166169191595039,0.34353930171414515,-1,False,79000.0
-42.2098191400847,-12.963340925477842,0.6665771380045605,0.38505520601887916,-0.7849578178498694,0.4823977216338729,0.38861756166962375,-1,False,79000.0
-0.482116035823301,1.2381150278074977,-0.30742163695097635,0.8660254037844384,0.8982576050019577,-0.9503205270239337,-0.24499904059524477,1,True,79000.0
-0.7339666705999961,2.1495200797965444,0.8016111287270239,0.34361960470103664,-0.9041086446813419,0.35187240224344196,-0.37621073970219054,0,True,79000.0
-9.239512299538237,-11.90917879721079,0.7858239289287545,0.3709638368608799,-0.9753725449805857,0.17597870027792292,-0.2138985291013464,0,True,79000.0
-4.0775635245916675,-4.785360433861465,0.7760480051435199,0.38789623354782754,-0.8059202444726539,0.046523055423505766,-0.5852658000429583,0,True,79000.0
7.432535908473963,-10.02959598201307,0.09823077831942438,0.8660254037844385,0.8180297107888761,-0.9074733073801262,0.5266117617394659,1,True,79000.0
-23.406268214520292,-30.627675443644936,0.6666212900667486,0.3849787633394031,-0.6559875276859064,-0.30963715224897254,0.6883662032074667,-1,False,79000.0
1.977803890360025,2.9236468017408974,-0.6660663467705248,-0.3859380964511787,0.8182623121117218,0.36295314474846324,0.09239885035251025,-1,False,79000.0
-2.7756439602568057,-4.400962291321598,0.6666296946114156,0.3849642098362952,-0.5074624090458622,-0.49373991473750833,0.7062398595722584,-1,False,79000.0
-1.866017208452715,-7.411213330169507,0.666634330278517,0.3849561822944339,-0.521269597644557,-0.7092748856059021,-0.4746526493525291,-1,False,79000.0
-2.251019076972865,-12.02435138280173,0.6666396981824083,0.38494688646599023,-0.44745074505448285,-0.88424704631019,-0.13416995875276833,-1,False,79000.0
2.588903153327416,-1.0247814040368044,0.4546630215976919,-0.6211876764587728,0.2616035587440204,1.6467936190539458,-0.48167423237887724,-1,False,79000.0
0.4492005832500463,-2.918559267299778,0.6666554859189018,0.3849195444334118,-0.10835312245221446,-0.7814892870624451,-0.6145692516882737,-1,False,79000.0
0.6648515597912384,-0.03206026237893039,0.6079888411319,-0.6789832442935041,0.023220927421648718,1.6845251389100657,-0.5383332540564381,5,True,79000.0
0.9142072502395385,1.7264682394982245,0.6666961857119512,0.3848490464451325,0.1908095777100273,-0.9769933025326618,-0.09684037328372946,-1,False,79000.0
-6.366511860340986,-22.103441204875434,0.6667731504260522,0.38471568523197686,0.2527386068435162,-0.6754561039065722,0.6931458986128947,-1,False,79000.0
-0.42634634479218675,1.6468987460501474,-0.36663363554197825,-0.6768843105596881,0.43267943807903075,1.6387200701908318,0.5011526867488739,-1,False,79000.0
